"fold_label","error"
"Train345_Val2_Test1","'predict.pbart' is not an exported object from 'namespace:BART'"
"Train245_Val3_Test1","'predict.pbart' is not an exported object from 'namespace:BART'"
"Train235_Val4_Test1","'predict.pbart' is not an exported object from 'namespace:BART'"
"Train234_Val5_Test1","'predict.pbart' is not an exported object from 'namespace:BART'"
"Train345_Val1_Test2","'predict.pbart' is not an exported object from 'namespace:BART'"
"Train145_Val3_Test2","'predict.pbart' is not an exported object from 'namespace:BART'"
"Train135_Val4_Test2","'predict.pbart' is not an exported object from 'namespace:BART'"
"Train134_Val5_Test2","'predict.pbart' is not an exported object from 'namespace:BART'"
"Train245_Val1_Test3","'predict.pbart' is not an exported object from 'namespace:BART'"
"Train145_Val2_Test3","'predict.pbart' is not an exported object from 'namespace:BART'"
"Train125_Val4_Test3","'predict.pbart' is not an exported object from 'namespace:BART'"
"Train124_Val5_Test3","'predict.pbart' is not an exported object from 'namespace:BART'"
"Train235_Val1_Test4","'predict.pbart' is not an exported object from 'namespace:BART'"
"Train135_Val2_Test4","'predict.pbart' is not an exported object from 'namespace:BART'"
"Train125_Val3_Test4","'predict.pbart' is not an exported object from 'namespace:BART'"
"Train123_Val5_Test4","'predict.pbart' is not an exported object from 'namespace:BART'"
"Train234_Val1_Test5","'predict.pbart' is not an exported object from 'namespace:BART'"
"Train134_Val2_Test5","'predict.pbart' is not an exported object from 'namespace:BART'"
"Train124_Val3_Test5","'predict.pbart' is not an exported object from 'namespace:BART'"
"Train123_Val4_Test5","'predict.pbart' is not an exported object from 'namespace:BART'"
